year,cloud-provider,cloud-region,cfe-region,em-zone-id,wt-region-id,location,geolocation,provider-cfe-hourly,provider-cfe-annual,power-usage-effectiveness,water-usage-effectiveness,provider-carbon-intensity-market-annual,provider-carbon-intensity-average-consumption-hourly,grid-carbon-intensity-average-consumption-annual,grid-carbon-intensity-marginal-consumption-annual,grid-carbon-intensity-average-production-annual,grid-carbon-intensity,total-ICT-energy-consumption-annual,total-water-input,renewable-energy-consumption,renewable-energy-consumption-goe,renewable-energy-consumption-ppa,renewable-energy-consumption-onsite
2026,Amazon Web Services,af-south-1,South Africa,ZA,ZAF,Africa (Cape Town),"-33.9253,18.4239 ",,1.0,1.14,0.18,0.0,,702.03,890.21,701.92,,,9506756.0,,,,
2026,Amazon Web Services,ap-east-1,Hong Kong,HK,HKG,Asia Pacific (Hong Kong),"22.3,114.2",,1.0,1.29,0.17,0.0,,435.36,486.38,435.36,623.65,,450454876.0,,,,
2026,Amazon Web Services,ap-northeast-1,Tokyo,JP-TK,JP_TK,Asia Pacific (Tokyo),"35.6897,139.692",,1.0,1.233,1.52,0.0,,536.06,535.91,545.67,536.0,,735963932.0,,,,
2026,Amazon Web Services,ap-northeast-2,South Korea,KR,KOR,Asia Pacific (Seoul),"37.5667,126.9783",,1.0,1.29,0.17,0.0,,443.05,736.69,443.01,686.0,,620248091.0,,,,
2026,Amazon Web Services,ap-northeast-3,Kansai,JP-KN,JP_KN,Asia Pacific (Osaka),"34.6939,135.502",,1.0,1.46,0.17,0.0,,370.3,549.89,357.05,551.0,,450454876.0,,,,
2026,Amazon Web Services,ap-south-1,Maharashtra,IN-WE,IND,Asia Pacific (Mumbai),"19.0761,72.8775",,1.0,1.39,0.18,0.0,,746.98,832.74,762.24,679.0,,383567863.0,,,,
2026,Amazon Web Services,ap-south-2,Hyderabad,IN-SO,IND,Asia Pacific (Hyderabad),"17.385,78.4867 ",,1.0,1.395,0.18,0.0,,551.31,832.74,549.72,679.0,,56061382.0,,,,
2026,Amazon Web Services,ap-southeast-1,Singapore,SG,SGP,Asia Pacific (Singapore),"1.3,103.8",,1.0,1.29,1.87,0.0,,487.52,349.01,487.06,409.0,,1796931761.0,,,,
2026,Amazon Web Services,ap-southeast-2,New South Wales,AU-NSW,NEM_NSW,Asia Pacific (Sydney),"-33.8678,151.21",,1.0,1.137,0.07,0.0,,545.01,727.59,546.1,770.0,,450454876.0,,,,
2026,Amazon Web Services,ap-southeast-3,Indonesia,ID,IDN,Asia Pacific (Jakarta),"-6.175,106.8275 ",,1.0,1.257,3.15,0.0,,652.36,779.09,652.36,623.65,,405720604.0,,,,
2026,Amazon Web Services,ap-southeast-4,Victoria,AU-VIC,NEM_VIC,Asia Pacific (Melbourne),"-37.8142,144.963",,1.0,1.065,0.02,0.0,,498.19,548.15,514.1,665.0,,450454876.0,,,,
2026,Amazon Web Services,ap-southeast-5,Malaysia,MY-WM,,Asia Pacific (Malaysia),"3.1517,101.6942",,1.0,1.29,0.75,0.0,,491.96,635.77,518.55,623.65,,47989045.0,,,,
2026,Amazon Web Services,ap-southeast-6,New Zealand,NZ-NZN,,Asia Pacific (New Zealand),"-36.8521,174.7632",,1.0,1.29,0.75,0.0,,491.96,635.77,518.55,623.65,,36902.0,,,,
2026,Amazon Web Services,ap-southeast-7,Thailand,TH,,Asia Pacific (Bangkok),"13.7525,100.4935",,1.0,1.38,0.75,0.0,,491.96,635.77,518.55,623.65,,7574300.0,,,,
2026,Amazon Web Services,ca-central-1,Quebec,CA-QC,HQ,Canada (Central),"45.5089,-73.5617",,1.0,1.167,0.02,0.0,,30.51,457.85,28.68,462.0,,11387528.0,,,,
2026,Amazon Web Services,ca-west-1,,,,Canada West (Calgary),"51.0456,-114.0575",,1.0,1.09,0.0,0.0,,305.27,565.54,328.98,519.25,,5475963.0,,,,
2026,Amazon Web Services,cn-north-1,,,CHN,China (Beijing),"39.904,116.4075 ",,1.0,1.24,0.17,0.0,,,843.63,,,,306784156.0,,,,
2026,Amazon Web Services,cn-northwest-1,,,CHN,China (Ningxia),"38.4795,106.2254 ",,1.0,1.24,0.18,0.0,,,843.63,,,,306784156.0,,,,
2026,Amazon Web Services,eu-central-1,Germany,DE,DE,Europe (Frankfurt),"50.1106,8.6822",,1.0,1.213,0.16,0.0,,370.93,731.22,394.14,742.0,,416264483.0,,,,
2026,Amazon Web Services,eu-central-2,Switzerland,CH,CH,Europe (Zurich),"47.3744,8.5411",,1.0,1.169,0.17,0.0,,83.8,915.49,52.58,779.0,,1884803.0,,,,
2026,Amazon Web Services,eu-north-1,Sweden,SE,SE,Europe (Stockholm),"59.3294,18.0686 ",,1.0,1.08,0.0,0.0,,24.71,791.26,21.28,782.0,,6358737.0,,,,
2026,Amazon Web Services,eu-south-1,North Italy,IT-NO,IT,Europe (Milan),"45.4642,9.1896",,1.0,1.169,0.17,0.0,,298.62,386.08,379.97,386.0,,65611.0,,,,
2026,Amazon Web Services,eu-south-2,Spain,ES,ES,Europe (Spain),"40.3333,-3.8667",,1.0,1.04,0.1,0.0,,153.86,363.46,154.56,370.0,,68000000.0,,,,
2026,Amazon Web Services,eu-west-1,Ireland,IE,IE,Europe (Ireland),"53.35,-6.2603 ",,1.0,1.1,0.0,0.0,,403.4,488.25,416.03,508.0,,108902681.0,,,,
2026,Amazon Web Services,eu-west-2,Great Britain,GB,UK,Europe (London),"51.726,-0.3",,1.0,1.23,0.12,0.0,,187.89,424.48,200.18,428.0,,303000000.0,,,,
2026,Amazon Web Services,eu-west-3,France,FR,FR,Europe (Paris),"48.8567,2.3522",,1.0,1.35,0.17,0.0,,52.87,394.64,45.21,384.0,,74171703.0,,,,
2026,Amazon Web Services,il-central-1,Israel,IL,ISR,Israel (Tel Aviv),"32.0167,34.7667",,1.0,1.27,0.17,0.0,,533.04,497.07,533.04,,,10571203.0,,,,
2026,Amazon Web Services,me-central-1,United Arab Emirates,AE,ARE,Middle East (UAE),"25.2631,55.2972 ",,1.0,1.2,0.18,0.0,,381.54,416.6,381.54,,,10571203.0,,,,
2026,Amazon Web Services,me-south-1,Bahrain,BH,BHR,Middle East (Bahrain),"26.219,50.538 ",,1.0,1.313,0.18,0.0,,700.0,413.69,700.0,,,10571203.0,,,,
2026,Amazon Web Services,sa-east-1,Central Brazil,BR-CS,BRA,South America (São Paulo),"-3.45,-68.95",,1.0,1.12,0.06,0.0,,89.55,709.62,90.41,571.0,,306784156.0,,,,
2026,Amazon Web Services,us-east-1,PJM,US-MIDA-PJM,PJM_DC,US East (N. Virginia),"39.1057,-77.5544 ",,1.0,1.147,0.02,0.0,,396.25,557.17,396.77,565.0,,996204576.0,,,,
2026,Amazon Web Services,us-east-2,PJM,US-MIDA-PJM,PJM_SOUTHWEST_OH,US East (Ohio),"39.8689,-84.3292 ",,1.0,1.12,0.02,0.0,,396.25,557.0,396.77,565.0,,354492504.0,,,,
2026,Amazon Web Services,us-gov-east-1,PJM,US-MIDA-PJM,PJM_DC,GovCloud (US East),"39.1057,-77.5544 ",,1.0,1.137,0.17,0.0,,396.25,557.17,396.77,565.0,,406011921.0,,,,
2026,Amazon Web Services,us-gov-west-1,BPA,US-NW-BPAT,BPA,GovCloud (US West),"45.5371,-122.65 ",,1.0,1.137,0.17,0.0,,119.76,476.66,68.82,427.0,,406011921.0,,,,
2026,Amazon Web Services,us-west-1,CAISO,US-CAL-CISO,CAISO_NORTH,US West (N. California),"36.7783,-119.417931",,1.0,1.183,0.46,0.0,,261.28,381.37,239.67,393.0,,154160322.0,,,,
2026,Amazon Web Services,us-west-2,BPA,US-NW-BPAT,BPA,US West (Oregon),"45.5371,-122.65 ",,1.0,1.117,0.1,0.0,,119.76,476.66,68.82,427.0,,914350635.0,,,,
2026,Google Cloud,africa-south1,South Africa,ZA,ZAF,Johannesburg,,0.16,0.15,1.084,,0.0,646.0,656.85,890.21,701.92,519.25,,,,,,
2026,Google Cloud,asia-east1,Taiwan,TW,TWN,Taiwan,"25.0375,121.5625",0.18,0.17,1.133,,0.0,451.0,439.29,551.9,537.76,623.65,,,,,,
2026,Google Cloud,asia-east2,Hong Kong,HK,HKG,Hong Kong,"22.3,114.2",0.34,0.01,1.116,,0.0,360.0,505.02,486.38,435.36,623.65,,,,,,
2026,Google Cloud,asia-northeast1,Tokyo,JP-TK,JP_TK,Tokyo,"35.6897,139.692",0.19,0.17,1.12,,0.0,459.0,452.85,535.91,545.67,536.0,,,,,,
2026,Google Cloud,asia-northeast2,Kansai,JP-KN,JP_KN,Osaka,"34.6939,135.502",0.36,0.46,1.116,,0.0,385.0,296.19,549.89,357.05,551.0,,,,,,
2026,Google Cloud,asia-northeast3,South Korea,KR,KOR,Seoul,"37.56,126.99",0.42,0.37,1.116,,0.0,378.0,356.57,736.69,443.01,686.0,,,,,,
2026,Google Cloud,asia-south1,Maharashtra,IN-WE,IND,Mumbai,"19.0761,72.8775",0.17,0.09,1.116,,0.0,648.0,678.76,832.74,762.24,679.0,,,,,,
2026,Google Cloud,asia-south2,Uttar Pradesh,IN-NO,IND,Delhi,"28.6092,76.9798",0.36,0.29,1.116,,0.0,529.0,531.83,832.74,562.0,679.0,,,,,,
2026,Google Cloud,asia-southeast1,Singapore,SG,SGP,Singapore,"1.3,103.8",0.04,0.04,1.093,,0.0,372.0,366.85,349.01,487.06,409.0,,,,,,
2026,Google Cloud,asia-southeast2,Indonesia,ID,IDN,Jakarta,"-6.2507,106.869",0.16,0.18,1.116,,0.0,580.0,560.55,779.09,652.36,623.65,,,,,,
2026,Google Cloud,australia-southeast1,New South Wales,AU-NSW,NEM_NSW,Sydney,"-33.8678,151.21",0.37,0.34,1.116,,0.0,501.0,497.5,727.59,546.1,770.0,,,,,,
2026,Google Cloud,australia-southeast2,Victoria,AU-VIC,NEM_VIC,Melbourne,"-37.8142,144.963",0.5,0.39,1.116,,0.0,456.0,454.37,548.15,514.1,665.0,,,,,,
2026,Google Cloud,europe-central2,Poland,PL,PL,Warsaw,"52.23,21.0111",0.39,0.4,1.083,,0.0,723.0,642.88,862.29,794.76,852.0,,,,,,
2026,Google Cloud,europe-north1,Finland,FI,FI,Finland,"60.1708,24.9375",1.0,0.98,1.103,,0.0,46.0,39.32,794.87,89.24,785.0,,,,,,
2026,Google Cloud,europe-north2,,,,Stockholm,"59.3251,18.0711",0.83,1.0,1.083,,0.0,211.82,2.73,561.18,266.9,550.81,,,,,,
2026,Google Cloud,europe-southwest1,Spain,ES,ES,Madrid,"40.3333,-3.8667",0.86,0.87,1.083,,0.0,131.0,89.04,363.46,154.56,370.0,,,,,,
2026,Google Cloud,europe-west1,Belgium,BE,BE,Belgium,"51.1333,4.5667",0.85,0.84,1.077,,0.0,122.0,103.37,415.75,172.79,411.0,,,,,,
2026,Google Cloud,europe-west10,,,,Berlin,"52.5174,13.3951",0.83,0.68,1.083,,0.0,211.82,275.82,561.18,266.9,550.81,,,,,,
2026,Google Cloud,europe-west12,North Italy,IT-NO,IT,Turin,"45.0792,7.6761",0.57,0.73,1.083,,0.0,249.0,201.69,386.08,379.97,386.0,,,,,,
2026,Google Cloud,europe-west2,Great Britain,GB,UK,London,"51.726,-0.3",1.0,0.79,1.083,,0.0,136.0,105.94,424.48,200.18,428.0,,,,,,
2026,Google Cloud,europe-west3,Germany,DE,DE,Frankfurt,"50.1106,8.6822",0.96,0.68,1.083,,0.0,345.0,275.82,731.22,394.14,742.0,,,,,,
2026,Google Cloud,europe-west4,Netherlands,NL,NL,Eemshaven,"51.9167,4.5",0.84,0.83,1.07,,0.0,236.0,208.81,501.34,292.61,487.0,,,,,,
2026,Google Cloud,europe-west6,Switzerland,CH,CH,Zürich,"47.3744,8.5411",1.0,0.98,1.083,,0.0,59.0,15.05,915.49,52.58,779.0,,,,,,
2026,Google Cloud,europe-west8,North Italy,IT-NO,IT,Milan,"45.4669,9.19",0.62,0.73,1.083,,0.0,249.0,201.69,386.08,379.97,386.0,,,,,,
2026,Google Cloud,europe-west9,France,FR,FR,Paris,"48.8567,2.3522",1.0,0.96,1.083,,0.0,34.0,16.3,394.64,45.21,384.0,,,,,,
2026,Google Cloud,me-central1,United Arab Emirates,AE,QAT,Doha,,0.0,0.04,1.092,,0.0,575.0,381.54,461.22,381.54,,,,,,,
2026,Google Cloud,me-central2,Saudi Arabia,SA,SAU,Dammam,,0.0,0.01,1.092,,0.0,569.0,382.23,511.31,505.83,,,,,,,
2026,Google Cloud,me-west1,Israel,IL,ISR,Tel Aviv,"32.0167,34.7667",0.06,0.07,1.092,,0.0,463.0,433.75,497.07,533.04,,,,,,,
2026,Google Cloud,northamerica-northeast1,Quebec,CA-QC,HQ,Montréal,"45.5089,-73.5617",1.0,0.99,1.084,,0.0,2.0,5.48,457.85,28.68,462.0,,,,,,
2026,Google Cloud,northamerica-northeast2,Ontario,CA-ON,IESO_NORTH,Toronto,"43.7417,-79.3733",0.85,0.84,1.084,,0.0,47.0,58.56,396.66,75.79,357.0,,,,,,
2026,Google Cloud,northamerica-south1,,,,Mexico,"23.6585,-102.0077",0.65,0.19,1.084,,0.0,286.79,305.0,565.54,328.98,519.25,,,,,,
2026,Google Cloud,southamerica-east1,Central Brazil,BR-CS,BRA,Sāo Paulo,"-3.45,-68.95",0.91,0.88,1.084,,0.0,56.0,67.32,709.62,90.41,571.0,,,,,,
2026,Google Cloud,southamerica-west1,Chile,CL-SEN,CHL,Santiago,"-33.4372,-70.6506 ",0.98,0.92,1.077,,0.0,56.0,238.0,627.77,272.2,616.0,,,,,,
2026,Google Cloud,us-central1,MISO,US-MIDW-MISO,MISO_MASON_CITY,Iowa,"41.5725,-93.6105 ",0.98,0.87,1.11,,0.0,430.0,412.72,585.88,518.84,539.0,,,,,,
2026,Google Cloud,us-east1,SC,US-CAR-SC,SC,South Carolina,"34.8354,-82.3646 ",0.31,0.31,1.087,,0.0,560.0,575.77,725.76,797.96,728.0,,,,,,
2026,Google Cloud,us-east2,,,,Georgia,"32.3294,-83.1137",0.65,0.42,1.084,,0.0,286.79,340.42,565.54,328.98,519.25,,,,,,
2026,Google Cloud,us-east4,PJM,US-MIDA-PJM,PJM_DC,Northern Virginia,"39.1057,-77.5544 ",0.54,0.62,1.08,,0.0,322.0,323.05,557.17,396.77,565.0,,,,,,
2026,Google Cloud,us-east5,PJM,US-MIDA-PJM,PJM_SOUTHWEST_OH,Columbus,"41.4366,-97.3565 ",0.46,0.64,1.04,,0.0,322.0,396.25,557.0,396.77,565.0,,,,,,
2026,Google Cloud,us-south1,ERCOT,US-TEX-ERCO,ERCOT_NORTHCENTRAL,Dallas,"44.9221,-123.313 ",0.89,0.94,1.087,,0.0,321.0,302.95,484.03,388.25,441.0,,,,,,
2026,Google Cloud,us-west1,BPA,US-NW-BPAT,BPA,Oregon,"45.5372,-122.3955 ",0.83,0.87,1.1,,0.0,94.0,79.23,476.66,68.82,427.0,,,,,,
2026,Google Cloud,us-west2,CAISO,US-CAL-CISO,LDWP,Los Angeles,"34.1141,-118.4068 ",0.55,0.63,1.084,,0.0,198.0,169.28,535.56,239.67,501.0,,,,,,
2026,Google Cloud,us-west3,PACE,US-NW-PACE,PACE,Salt Lake City,"40.7776,-111.9311 ",0.3,0.33,1.084,,0.0,588.0,555.17,670.36,657.95,664.0,,,,,,
2026,Google Cloud,us-west4,NVE,US-NW-NEVP,NEVP,Las Vegas,"35.6011,-105.2206 ",0.29,0.64,1.09,,0.0,373.0,357.3,464.06,499.52,457.0,,,,,,
2026,Microsoft Azure,asiapacific,Indonesia,ID,IDN,Indonesia,"-6.219, 106.867",1.0,0.13,1.26,0.0,0.0,,652.36,779.09,652.36,623.65,,,,,,
2026,Microsoft Azure,australiaeast,New South Wales,AU-NSW,NEM_NSW,Australia East,"-33.889, 151.067",1.0,0.28,1.33,0.37,0.0,,545.01,727.59,546.1,770.0,,,,,,
2026,Microsoft Azure,australiasoutheast,Victoria,AU-VIC,NEM_VIC,Australia Southeast,"-37.725, 145.067",1.0,0.28,1.33,0.37,0.0,,498.19,548.15,514.1,665.0,,,,,,
2026,Microsoft Azure,austriaeast,Austria,AT,AT,Austria East,"48.217, 16.493",1.0,0.79,1.18,0.03,0.0,,160.36,635.7,81.79,632.0,,,,,,
2026,Microsoft Azure,brazilsouth,Brazil,BR-CS,BRA,Brazil,"-22.939, -47.045",1.0,0.05,1.18,0.49,0.0,,89.55,709.62,90.41,571.0,,,,,,
2026,Microsoft Azure,centralus,MISO,US-MIDW-MISO,MISO_MASON_CITY,Iowa: Central US,"41.573,-93.608",1.0,1.0,1.16,0.42,0.0,,501.42,585.88,518.84,539.0,,,,,,
2026,Microsoft Azure,denmarkeast,Denmark,DK-DK2,DK,Denmark,"55.685, 12.584",1.0,0.1,1.16,0.04,0.0,,136.81,643.49,184.21,660.0,,,,,,
2026,Microsoft Azure,eastus,PJM,US-MIDA-PJM,PJM_DC,Virginia: East US,"36.68,-78.377",1.0,0.7,1.165,0.43,0.0,,396.25,557.17,396.77,565.0,,,,,,
2026,Microsoft Azure,eastus2,PJM,US-MIDA-PJM,PJM_DC,Virginia: East US 2,"36.68,-78.377",1.0,0.7,1.165,0.43,0.0,,396.25,557.17,396.77,565.0,,,,,,
2026,Microsoft Azure,eastus3,SOCO,US-SE-SOCO,SOCO,Georgia: East US 3,"33.76,-84.401",1.0,0.08,1.18,0.48,0.0,,435.76,530.63,440.35,534.0,,,,,,
2026,Microsoft Azure,greececentral,Greece,GR,GR,Greece Central,"37.987, 23.745",1.0,0.46,1.18,0.0,0.0,,368.75,445.16,342.79,438.0,,,,,,
2026,Microsoft Azure,indiasouthcentral,India,IN-SO,IND,India South Central,"17.385,78.4867 ",1.0,0.46,1.23,0.38,0.0,,551.31,832.74,549.72,679.0,,,,,,
2026,Microsoft Azure,italynorth,North Italy,IT-NO,IT,Italy North,"45.4669,9.19",1.0,0.15,1.18,0.03,0.0,,298.62,386.08,379.97,386.0,,,,,,
2026,Microsoft Azure,mexicocentral,Mexico,MX,MX_SIN,Mexico Central,"20.631, -100.428",1.0,0.05,1.18,0.48,0.0,,89.55,417.76,90.41,422.0,,,,,,
2026,Microsoft Azure,newzealandnorth,New Zealand,NZ,NZL,New Zealand,"-36.867, 174.751",1.0,0.26,1.33,0.38,0.0,,96.81,704.69,96.81,623.65,,,,,,
2026,Microsoft Azure,northcentralus,MISO,US-MIDW-MISO,MISO_SPRINGFIELD,Illinois: North Central US,"41.832,-87.673",1.0,0.7,1.11,0.12,0.0,,501.42,628.91,518.84,539.0,,,,,,
2026,Microsoft Azure,northeurope,Ireland,IE,IE,Ireland,"53.35,-6.2603 ",1.0,0.59,1.17,0.04,0.0,,403.4,488.25,416.03,508.0,,,,,,
2026,Microsoft Azure,polandcentral,Poland,PL,PL,Poland Central,"52.23,21.0111",1.0,0.46,1.18,0.03,0.0,,749.28,862.29,794.76,852.0,,,,,,
2026,Microsoft Azure,southcentralus,ERCOT,US-TEX-ERCO,ERCOT_SANANTONIO,Texas: South Central US,"29.453,-98.508",1.0,1.0,1.111,0.04,0.0,,388.76,518.56,388.25,441.0,,,,,,
2026,Microsoft Azure,southeastasia,southeastasia,SG,SGP,Singapore,"1.352,103.835",1.0,0.13,1.254,0.0,0.0,,487.52,349.01,487.06,409.0,,,,,,
2026,Microsoft Azure,spaincentral,Spain,ES,ES,Spain Central,"40.44,-3.679",1.0,0.15,1.18,0.03,0.0,,153.86,363.46,154.56,370.0,,,,,,
2026,Microsoft Azure,swedencentral,Sweden,SE,SE,Sweden,"59.329,18.067",1.0,1.0,1.156,0.0,0.0,,24.71,791.26,21.28,782.0,,,,,,
2026,Microsoft Azure,taiwannorth,Taiwan,TW,TWN,Taiwan,"25.0375,121.5625",1.0,0.26,1.32,0.0,0.0,,537.64,551.9,537.76,623.65,,,,,,
2026,Microsoft Azure,westcentralus,,,WACM,Wyoming: West Central US,"41.130,-104.83",1.0,0.47,1.172,0.4,0.0,,305.27,905.93,328.98,519.25,,,,,,
2026,Microsoft Azure,westeurope,Netherlands,NL,NL,Netherlands,"51.9167,4.5",1.0,0.79,1.161,0.0,0.0,,283.17,501.34,292.61,487.0,,,,,,
2026,Microsoft Azure,westus,BPA,US-NW-BPAT,BPA,Washington: West US,"47.247,-119.82",1.0,0.47,1.161,0.04,0.0,,119.76,476.66,68.82,427.0,,,,,,
2026,Microsoft Azure,westus3,,,AZPS,Arizona: west US 3,"33.471,-112.056",1.0,0.47,1.139,0.04,0.0,,305.27,532.74,328.98,519.25,,,,,,
